raw,cluster
Accord d'entreprise ou PV de consultation du CSE concernant l'aménagement du temps de travail (travail exceptionnel du dimanche ou en soirée).,335
Accusé de réception (AR) d'un dossier de demande administrative (ex: demande de modification d'une ICPE ou permis de construire) daté de plus de deux mois sans réponse de l'administration.,319
Accusé de réception daté d'un dossier de demande administrative (ex: modification d'installation ICPE) accompagné de la preuve d'absence de réponse de l'administration sous 2 mois.,353
Accusé de réception de dépôt de dossier (préfecture ou administration) mentionnant la date de réception et les délais de réponse pour accord tacite.,311
"Accusé de réception de dépôt de dossier ICPE (ex: rubrique 2560 pour le travail des métaux) généré par le téléservice, attestant du délai d'instruction pour application du principe 'Silence vaut accord'.",255
Accusé de réception de dépôt de dossier ICPE ou demande d'autorisation administrative avec date de réception faisant foi pour le calcul des délais de 'Silence vaut accord'.,272
Accusé de réception de la télédéclaration (récépissé DMS) téléchargé sur le portail L'OAP (Observatoire des Appareils à Pression).,252
Accusé de réception de la télédéclaration annuelle GEREP (portail I-REP) et récapitulatif des tonnages de déchets expédiés.,366
Accusé de réception de la télédéclaration annuelle GEREP (émissions et déchets),312
Accusé de réception de la télédéclaration annuelle des émissions et des déchets (GEREP) ou Registre de suivi des déchets dangereux et non-dangereux à jour.,377
Accusé de réception de la télédéclaration annuelle des émissions et des déchets sur le portail GEREP (IREP) pour l'année N-1.,24
Accusé de réception de la télédéclaration annuelle des émissions et des déchets sur le portail GEREP (ou GIDAF pour les mesures d'autosurveillance).,24
Accusé de réception du dépôt de la version dématérialisée (VNC - Version Non Confidentielle) du dossier ICPE transmis à la DREAL pour publication.,263
Accusé de réception électronique (ARE) ou Accusé d'enregistrement électronique (AEE) suite à une télédéclaration ICPE ou un dossier d'urbanisme.,259
Acte de propriété ou notification d'arrêté de déclaration d'utilité publique (DUP) en cas d'extension/projet public.,1
Affichage en magasin/point de retrait des modalités de reprise (1 pour 1 ou 1 pour 0) et registre de suivi des DEEE repris,205
Arrêté préfectoral complémentaire de remise en état ou Mémoire de réhabilitation validé par l'inspection des installations classées,299
Arrêté préfectoral d'autorisation (ou de prescriptions complémentaires) au titre de la Loi sur l'Eau (IOTA) incluant l'étude d'incidence environnementale.,373
Arrêté préfectoral d'autorisation au titre de la Loi sur l'eau (IOTA) ou récépissé de dépôt de dossier d'autorisation unique.,296
Arrêté préfectoral d'autorisation d'exploiter (ICPE) en vigueur et certificat de non-recours ou registre de veille juridique.,275
Arrêté préfectoral d'autorisation d'exploiter (incluant les prescriptions spéciales et le dossier de demande d'autorisation unique),191
Arrêté préfectoral d'autorisation ou d'enregistrement (ICPE) en vigueur sur le site,200
"Arrêté préfectoral d'autorisation, d'enregistrement ou Récépissé de déclaration ICPE à jour",342
Attestation annuelle d'éligibilité au taux réduit (TICFE/TICGN) transmise au fournisseur d'énergie et calcul de l'intensité énergétique de l'entreprise.,271
Attestation annuelle de collecte et de valorisation des déchets (Attestation 5 flux) remise par le prestataire de déchets.,256
Attestation d'adhésion à un éco-organisme en vigueur et Identifiant Unique (IDU) généré par l'ADEME (portail SYDEREP),18
Attestation d'adhésion à un éco-organisme et Numéro d'identifiant unique (IDU) généré par l'ADEME (SYDEREP),18
Attestation d'agrément CNAPS du prestataire de sécurité et copie des cartes professionnelles à jour des agents de gardiennage.,276
Attestation d'application du dispositif de suramortissement pour l'investissement productif (achat de machines de découpe laser ou presses hydrauliques) ou justificatif de télédéclaration de la TGAP.,237
Attestation d'assurance multirisque professionnelle à jour incluant les clauses d'extension de garantie 'Catastrophes Naturelles' et preuve de mise à jour du Plan de Continuité d'Activité (PCA).,210
Attestation d'exonération ou de taux réduit (Cerfa n°13990) dûment visée par le bureau des douanes et registre de suivi des consommations de houille.,264
Attestation d'exonération ou de taux réduit de TICGN (formulaire CERFA) visée par les douanes et dossier technique justifiant l'usage (ex: procédé de traitement thermique ou métallurgique).,198
Attestation d'information sur les Secteurs d'Information sur les Sols (SIS) annexée au contrat de bail ou à l'acte de vente.,375
Attestation de bureau d'études certifié (LNE ou équivalent) garantissant la prise en compte des mesures de gestion de la pollution (Attestation ATTES-ALUR) ou État des Risques et Pollutions (ERP) à jour.,285
Attestation de bureau d'études certifié (type ATTES-MÉMO ou ATTES-TRAVAUX) ou Rapport de diagnostic de pollution des sols (IEM/EQRS),245
Attestation de capacité du prestataire externe (en cours de validité) pour la manipulation des fluides frigorigènes.,217
"Attestation de conformité REACH (Certificat SVHC) fournie par le fournisseur de matières premières (ex: acier, inox, laiton) confirmant l'absence ou la présence de substances à plus de 0,1% m/m.",331
"Attestation de conformité REACH (SVHC) du fournisseur de métal ou déclaration de présence de plomb (Pb) si > 0,1%",288
"Attestation de conformité REACH (déclaration de présence/absence de SVHC > 0,1%) fournie par les fournisseurs de matière première (acier, aluminium, laiton).",224
"Attestation de conformité REACH ou Déclaration du fournisseur de métal certifiant l'absence ou la présence de substances SVHC au-delà de 0,1% (ex: Plomb dans certains alliages)",254
"Attestation de conformité REACH par article (Certificat de présence de SVHC < 0,1% pour chaque composant élémentaire du produit fini)",269
"Attestation de conformité REACH/POP des fournisseurs d'huiles de coupe ou de lubrifiants, garantissant l'absence de paraffines chlorées à chaîne courte (SCCP).",337
Attestation de conformité aux Obligations Légales de Débroussaillement (OLD) ou mise à jour du Plan d'Opération Interne (POI) intégrant le risque de lisière,213
Attestation de conformité du fournisseur (ou FDS section 15) certifiant la présence du fabricant de la substance active sur la liste de l'ECHA (Article 95).,0
Attestation de conformité du fournisseur d'emballages ou fiche technique précisant l'épaisseur des sacs (doit être > 50 µm pour les sacs réutilisables).,303
Attestation de conformité du fournisseur ou Fiche de Données de Sécurité (FDS - Section 15) des fluides de coupe/lubrifiants certifiant que le fournisseur de la substance active est bien inscrit sur la liste de l'ECHA (Article 95).,0
Attestation de contrôle d'étanchéité annuel (Cerfa 15497) des équipements climatiques ou groupes froids,329
Attestation de contrôle technique (RVRAT) certifiant le respect des règles Eurocode 8 ou notice de sécurité parasismique du dossier de construction.,215
Attestation de localisation du site hors zone de protection (AAC) ou Diagnostic de vulnérabilité des rejets d'huiles et solvants avec plan de rétention aux normes.,221
Attestation de mise en sécurité du site (ATTES-SÉCUR) délivrée par un bureau d'études certifié LNE.,324
Attestation de mise en sécurité du site et mémoire de cessation d'activité (Art. L. 512-17),352
Attestation de mise en sécurité du site ou Contrat de Tiers Demandeur validé par le Préfet,257
Attestation de mise en sécurité et mémoire de réhabilitation (certifiés par un bureau d'études tiers),251
Attestation de paramétrage des horloges astronomiques ou compte-rendu de vérification des dispositifs de coupure automatique,341
Attestation de prise en compte de la réglementation thermique (RT 2012) à l'achèvement des travaux.,11
Attestation de prise en compte de la réglementation thermique à l'achèvement des travaux (générée par un contrôleur technique ou un architecte).,11
"Attestation de prise en compte des exigences de performance énergétique et environnementale (RE2020) à l'achèvement des travaux, visée par un contrôleur technique ou un architecte.",19
Attestation de prise en compte des exigences de performance énergétique et environnementale (RE2020) à l'achèvement des travaux.,19
Attestation de remplacement des DAAF défectueux ou inventaire du parc incendie certifiant l'absence du modèle DAF-L-VIG,347
Attestation de validation de la démarche qualité 'étanchéité à l'air' délivrée par le Ministère en charge de la construction.,279
Attestations AIPR (Autorisation d'Intervention à Proximité des Réseaux) pour le personnel compétent et justificatifs de consultation du Guichet Unique (DT/DICT).,231
"Attestations de suivi d'examen médical (ou avis d'aptitude) délivrées par la Médecine du Travail pour les salariés exposés (bruit, coupure, produits chimiques).",195
Attestations de suivi d'information et de prévention (suivi médical des salariés à jour),308
Attestations de suivi médical des salariés (Médecine du Travail) et fiches d'exposition aux risques professionnels,238
Avis d'imposition CFE ou Taxe Foncière incluant la taxe GEMAPI (Gestion des Milieux Aquatiques et Prévention des Inondations),267
Avis d'imposition de la CFE (Cotisation Foncière des Entreprises) identifiant la Métropole de Lyon comme collectivité bénéficiaire.,355
Avis d'imposition de la Contribution Foncière des Entreprises (CFE) ou extrait de règlement de voirie de la Métropole de Lyon,246
Avis de mise à disposition du dossier de consultation publique et récépissé de dépôt en préfecture (en cas d'extension ou de modification notable du site).,266
Avis de redevance de l'Agence de l'Eau (justificatif de paiement des taxes liées aux prélèvements ou aux rejets polluants),349
Bilan de la mise à disposition du public et synthèse des observations (registre d'enquête publique) lors d'une demande de modification d'autorisation d'exploiter.,228
Bordereau de Suivi de Déchets (BSD) mentionnant la teneur en POP ou certificat de destruction thermique pour les huiles de coupe et boues d'usinage.,351
Bordereau de Suivi de Déchets (BSD) via la plateforme Trackdéchets pour les DEEE dangereux ou certificat d'enlèvement fourni par un éco-organisme (ex: Ecosystem).,270
Bordereau de Suivi des Déchets Dangereux (BSDD) et rapports d'analyses chimiques (teneur en PCB/HAP) des huiles de coupe ou boues d'usinage,232
Bordereau de Suivi des Déchets Dangereux (BSDD) signé ou attestation annuelle de collecte délivrée par un éco-organisme (ex: Screlec ou Corepile).,305
Bordereaux de Suivi de Déchets (BSD) complets et signés par l'exutoire final + Registre chronologique des déchets sortants à jour.,291
Bordereaux de Suivi de Déchets (BSD) et Registre de suivi des déchets sortants,7
"Bordereaux de Suivi de Déchets (BSD) et registres de sortie de déchets (métaux, huiles de coupe, DIB) à jour.",304
Bulletins de paie mentionnant la ligne 'Indemnité kilométrique vélo' et attestations sur l'honneur des salariés cyclistes.,243
"Carnet métrologique à jour des instruments de mesure (pont-bascule, balances de précision) avec vignettes de vérification périodique (vignettes vertes).",339
Certificat d'examen de type ou Déclaration UE de conformité du compteur d'eau (mentionnant les rapports de débit Q3/Q1),194
Certificat d'urbanisme ou Arrêté de permis de construire (justifiant la conformité au Plan Local d'Urbanisme - PLU),340
Certificat d'urbanisme ou Permis de construire (vérification de la conformité de l'implantation de l'usine vis-à-vis du PLU/Zone industrielle),280
Certificat d'urbanisme ou Permis de construire validé en conformité avec le zonage du PLU (Plan Local d'Urbanisme),338
Certificat de conformité REACH des fournisseurs (attestant le respect des seuils HAP pour les composants en caoutchouc/plastique des outils et les huiles de coupe).,301
Certificat de conformité REACH des gants de protection en cuir (teneur en Chrome VI < 3 mg/kg),199
"Certificat de conformité REACH du fournisseur de matières premières (bobines d'acier/alliages) ou des prestataires de traitement de surface garantissant un taux de cadmium inférieur à 0,01% en poids.",134
Certificat de conformité REACH ou Fiche de Données de Sécurité (FDS) du fournisseur de polymères/revêtements,297
Certificat de conformité matière (CoC) ou Fiche de Données de Sécurité (FDS) fournisseur mentionnant la teneur en plomb inférieure aux seuils (ex: pour les articles en PVC ou les alliages métalliques selon les exemptions).,298
Certificat de conformité produit (Marquage CE) ou Conditions Générales de Vente (CGV) à jour,2
Certificat de conformité produit ou Fiche de données de sécurité (FDS) à jour des mentions légales de sécurité,201
Certificat de contrôle d'étanchéité annuel (CERFA 15497) pour les groupes froids des machines de découpe ou la climatisation des locaux TGBT/Serveurs.,292
Certificats de conformité RoHS (Restriction of Hazardous Substances) fournis par les fournisseurs de métaux et alliages.,268
Certificats individuels « Certibiocide » en cours de validité pour les opérateurs de maintenance ou agents d'entretien manipulant des produits de types 14 (rodenticides) ou 18 (insecticides).,261
"Check-list de contrôle des documents de bord par véhicule (Carte grise, justificatif d'assurance/FVA, Permis de conduire des chauffeurs)",307
"Compte-rendu de veille réglementaire identifiant les mesures de simplification administrative applicables aux procédures du site (ex: téléprocédures simplifiées, formulaires CERFA à jour).",229
Conditions Générales de Vente (CGV) et factures mentionnant les délais de paiement légaux et les pénalités de retard.,277
Conditions Générales de Vente (CGV) à jour et Certificats de conformité des produits livrés,371
Conditions Générales de Vente (CGV) à jour et fiches techniques de conformité produit.,2
Conditions Générales de Vente (CGV) à jour incluant les clauses sur la garantie légale de conformité et les délais de rétractation (si vente directe).,300
Conditions Générales de Vente (CGV) à jour intégrant les clauses de responsabilité et garanties de conformité produits.,336
"Contrat d'adhésion à un éco-organisme agréé (ex: Ecosystem, Ecologic) et Registre Chronologique des Déchets (incluant les BSDD pour les DEEE dangereux).",230
Contrat de fourniture de gaz avec clause de consignation ou attestation de reprise du fournisseur pour les bouteilles vides.,235
Contrat de revente des chutes de métaux (matières premières secondaires) spécifiant une utilisation future certaine sans transformation préalable lourde.,379
Convention de don formalisée avec une association caritative ou rapport de diagnostic de gaspillage alimentaire du restaurant d'entreprise.,118
"Convention de déversement des eaux usées industrielles ou contrat de collecte des déchets à jour, validé par l'EPCI (Établissement Public de Coopération Intercommunale) compétent.",214
Convention de déversement signée avec la collectivité ou facture d'eau mentionnant la part 'Redevance assainissement collectif'.,247
Convention de financement signée avec Bpifrance (ou organisme mandaté) et justificatifs d'investissements matériels,197
Convention de raccordement au réseau public d'eaux pluviales ou Règlement de service de la collectivité/EPCI.,260
Copie de la demande de remboursement (Cerfa n°15414) et attestation de réception de la Direction Générale des Douanes et Droits Indirects (DGDDI).,287
Copie de la déclaration annuelle TGAP (Formulaire n° 2020-TGAP) et justificatif de virement bancaire associé.,306
Copie de la déclaration annuelle de TGAP télétransmise via le portail des douanes et justificatif de paiement associé.,302
Copie de la licence d'importation/exportation extraite du portail européen 'ODS Licensing System' et registre de suivi des halons.,211
Copie de la proposition de transaction pénale signée par le Préfet et homologuée par le Procureur (en cas d'infraction constatée).,293
Copie du Programme Local de Prévention (PLPDMA) de la collectivité de rattachement et justificatifs de tri à la source des déchets de bureau.,236
Copie du certificat de projet délivré par le Préfet (document fixant le cadre juridique et le calendrier d'instruction du dossier ICPE).,133
"Copie du formulaire Cerfa n° 15516 (Attestation d'exonération ou de taux réduit de TICFE) datée et signée, accompagnée de l'accusé de réception du fournisseur d'énergie.",117
Dernier rapport d'inspection de la DREAL/DDPP et preuves de levée des non-conformités (réponses aux mises en demeure).,372
Dernier rapport de visite d'inspection de la DREAL (ou DRIEAT) mentionnant le respect des thématiques prioritaires nationales.,345
"Diagnostic de franchissabilité des ouvrages hydrauliques (barrages, seuils) ou État des lieux de la continuité écologique vis-à-vis de l'Arrêté Préfectoral de bassin.",374
Diagnostic de pollution des sols (Phase 1/2) ou Rapport de mise en sécurité du site (ADEME),150
Diagnostic de pollution des sols (Étude historique et documentaire / Phase INFOS),192
Diagnostic de vulnérabilité aux inondations du site ou Plan de Continuité d'Activité (PCA) intégrant le risque de crue,13
Diagnostic de vulnérabilité aux inondations ou Plan de Continuité d'Activité (PCA) intégrant le risque de crue,13
Diagnostic de vulnérabilité du site face aux risques naturels (ex: Inondation) et mesures de protection des stocks de matières premières.,378
Document Unique d'Évaluation des Risques (DUER) mis à jour intégrant la nouvelle liste des agents chimiques CMR et les fiches d'exposition actualisées pour les huiles de coupe.,218
Document de transport (déclaration d'expédition) mentionnant les numéros ONU et le protocole de sécurité de chargement/déchargement.,284
Document de transport ADR (Lettre de voiture) et Protocole de sécurité chargement/déchargement,106
Document de transport ADR (ou bordereau de suivi) spécifiant l'usage d'une dérogation nationale ou locale pour le transport de déchets d'huiles de coupe.,233
Dossier d'auto-évaluation technique et attestation de conformité de sortie du statut de déchet (SSD) pour les copeaux ou boues d'usinage.,327
Dossier d'autorisation d'exploiter avec récépissé de l'affichage en mairie et sur site (constat d'huissier ou certificat administratif) pour purger le délai de recours des tiers.,239
Dossier d'autorisation environnementale (ICPE) à jour ou Récépissé de déclaration dématérialisé (via le portail de simplification administrative).,220
Dossier d'enquête publique ou Arrêté de déclaration d'utilité publique (DUP) en cas d'extension ou de travaux d'infrastructure limitrophes.,1
Dossier d'enquête publique ou notification d'arrêté de déclaration d'utilité publique (DUP),1
Dossier d'enregistrement ou de déclaration ICPE (notamment pour la rubrique 2560 : travail des métaux),167
Dossier d'enregistrement ou de déclaration ICPE à jour (incluant les nouvelles dispositions sur les garanties financières ou les plans de prévention le cas échéant).,193
Dossier d'enregistrement ou de déclaration ICPE à jour mentionnant les bonnes rubriques de la nomenclature (ex: Rubrique 2560 pour le travail des métaux).,9
Dossier d'examen de conformité de l'Arrêté Préfectoral d'Autorisation (ICPE) vis-à-vis du SDAGE en vigueur (cycle 2022-2027).,168
Dossier d'exploitation de l'équipement comprenant le rapport de requalification périodique (tous les 10 ans) ou d'inspection périodique (tous les 48 mois) du réservoir d'air comprimé.,4
Dossier d'exploitation de l'équipement sous pression (ESP) incluant le certificat de conformité au CTP et les rapports d'inspection périodique.,362
Dossier d'exploitation de l'équipement sous pression (ESP) incluant le compte-rendu d'inspection périodique ou l'attestation de l'organisme habilité mentionnant la dispense de vérification intérieure.,348
Dossier d'exploitation de la cuve d'air comprimé incluant les rapports de requalification périodique (tous les 10 ans) et d'inspection périodique (tous les 48 mois) réalisés par un organisme habilité.,4
Dossier d'étude d'impact environnemental ou formulaire de demande d'examen au cas par cas (Cerfa) lors de l'extension du site.,294
Dossier d'évaluation des incidences Natura 2000 (EIN) ou Étude d'impact mise à jour,332
Dossier de 'Porter-à-connaissance' (PAC) transmis à la DREAL/Préfecture ou tableau d'auto-évaluation des modifications techniques (seuils de puissance/volume).,223
"Dossier de 'Porter-à-connaissance' transmis à la DREAL pour une modification d'installation, accompagné de la réponse de l'administration ne prescrivant pas d'enquête publique.",357
Dossier de classement ICPE actualisé (Tableau des rubriques incluant les calculs de seuils pour la rubrique 2560 - Travail des métaux),262
Dossier de classement ICPE à jour incluant le récépissé de déclaration ou l'arrêté préfectoral d'enregistrement (ex: rubrique 2560 pour le découpage métaux).,325
Dossier de classement ICPE à jour mentionnant les rubriques applicables (ex: rubrique 2560 pour le travail des métaux).,189
Dossier de conformité d'urbanisme (Permis de construire ou déclaration préalable) validé par les autorités territoriales,346
Dossier de conformité des rejets aqueux (autosurveillance) incluant les paramètres Azote et Phosphore si le site rejette en zone sensible.,330
Dossier de consultation du public avec avis de mise à disposition (obligatoire lors d'une demande d'autorisation ou de modification substantielle de l'installation ICPE).,95
Dossier de demande d'aide ou de subvention auprès de l'Agence de l'Eau (ou compte-rendu de visite de l'animateur de bassin),208
Dossier de demande de remboursement de l'accise sur l'électricité (ex-TICFE) incluant le formulaire Cerfa n°15516 et le récapitulatif des consommations annuelles.,203
Dossier de demande de réduction de TURPE et attestation de performance énergétique (ex: certificat ISO 50001 ou rapport d'audit énergétique),209
Dossier de demande de subvention ou convention d'attribution d'aide pour un projet d'efficacité énergétique (ex: installation d'un système de récupération de chaleur sur les compresseurs ou les machines de découpe).,115
Dossier de déclaration ou d'autorisation d'exploitation de gîte géothermique (si PAC sur nappe ou sonde géothermique),367
Dossier de mise à jour de l'Étude de Dangers (EDD) intégrant les critères Seveso III,185
Dossier de mise à jour de la nomenclature ICPE du site (Porter-à-connaissance) intégrant les nouvelles rubriques de la série 4000.,149
Dossier de mise à jour du DUERP ou de l'Étude de Dangers (EDD) intégrant les nouveaux seuils de classification des substances chimiques (Directives Seveso III / Règlement CLP).,83
Dossier de réexamen de l'autorisation (incluant l'évaluation de conformité aux conclusions sur les MTD - Meilleures Techniques Disponibles),111
Décision de l'Autorité Environnementale (Examen au cas par cas) ou Rapport d'étude d'impact joint au dossier de demande d'autorisation de défrichement.,139
Décision de reconnaissance du SIR (Service Inspection Reconnu) délivrée par la DREAL/DRIEAT ou certificat d'accréditation.,320
Déclaration UE de conformité des équipements (Marquage CE) et rapports de maintenance annuelle des brûleurs/chaudières.,234
Déclaration UE de conformité du matériel (marquage CE ATEX avec référence à la directive 2014/34/UE),281
Déclaration UE de conformité originale fournie par le fabricant de la machine (ou équipement ATEX),369
Déclaration annuelle TGAP (Formulaire Cerfa n°12022) et factures du centre de traitement de déchets mentionnant distinctement le montant de la taxe collectée.,250
Déclaration annuelle TGAP (formulaire cerfa n°12020) et justificatifs de paiement auprès de la Direction Générale des Douanes.,309
Déclaration annuelle TGAP (via téléservice Douane) et justificatifs de paiement associés aux Bordereaux de Suivi de Déchets (BSD).,242
Déclaration annuelle de TGAP (Cerfa n°12052) et justificatif de paiement à la DGDDI.,326
Déclaration annuelle de TGAP (formulaire CERFA ou télédéclaration Douane) et Bordereaux de Suivi de Déchets Dangereux (BSDD) pour les huiles de coupe et solvants.,358
Déclaration annuelle de la TGAP (Taxe Générale sur les Activités Polluantes) et justificatifs de paiement associés.,368
Déclaration annuelle de la TGAP (Taxe Générale sur les Activités Polluantes) ou justificatif de paiement de la TICGN (Taxe intérieure de consommation sur le gaz naturel).,376
Déclaration annuelle de la TGAP (Taxe Générale sur les Activités Polluantes) ou justificatifs de déduction fiscale pour investissement productif (sur-amortissement industriel).,12
"Déclaration annuelle de la TGAP (Taxe Générale sur les Activités Polluantes) transmise aux services fiscaux/douaniers, cohérente avec les rubriques ICPE du site.",290
Déclaration annuelle de la Taxe Générale sur les Activités Polluantes (TGAP) ou justificatif de paiement de la CVAE,314
"Déclaration annuelle de mise sur le marché des emballages (CITEO/Adelphe) et registre de classification des contenants (palettes, films, cerclages).",364
Déclaration annuelle de mise sur le marché des emballages (justificatif d'éco-contribution) et registre de suivi des déchets d'emballages.,328
Déclaration annuelle de redevance pollution transmise à l'Agence de l'Eau et rapports d'analyses de recherche des substances dangereuses (campagne RSDE).,317
Déclaration de Performance Extra-Financière (DPEF) intégrée au rapport de gestion annuel.,265
"Déclaration de conformité REACH (SVHC) du fournisseur de matières premières ou Fiche de Données de Sécurité (FDS) à jour mentionnant l'absence ou la présence de substances candidates à plus de 0,1 % p/p.",222
"Déclaration de conformité REACH (ou attestation d'absence de SVHC > 0,1% en masse) fournie par le fournisseur de métaux ou d'alliages.",204
"Déclaration de conformité REACH du fournisseur (ou FDS à jour) attestant de la présence ou de l'absence des 4 nouvelles substances > 0,1% masse/masse dans les huiles de coupe ou les alliages.",206
"Déclaration de conformité REACH du fournisseur de métal (attestant l'absence de SVHC > 0,1% ou précisant la substance concernée comme le Plomb).",363
Déclaration de la TGAP (Taxe Générale sur les Activités Polluantes) ou justificatifs de déduction fiscale pour l'achat de machines de découpe (dispositif de suramortissement).,12
Déclarations de conformité REACH (Attestations SVHC) des fournisseurs d'alliages et fiches de données de sécurité (FDS) à jour.,253
"Déclarations de conformité REACH des fournisseurs de métaux et alliages (spécifiant l'absence de SVHC > 0,1% par composant individuel)",131
"Déclarations de conformité RoHS des fournisseurs de matières premières (bobines d'acier, alliages) et rapports d'analyse de laboratoire sur les traitements de surface.",187
Extrait du Géoportail de l'urbanisme (GPU) listant les Servitudes d'Utilité Publique (SUP) applicables à la parcelle de l'usine.,101
Facture d'eau détaillée ou convention d'abonnement (vérification de la structure tarifaire appliquée par la régie ou le concessionnaire),212
Factures d'achat ou de location de la flotte de vélos et Cerfa n°15504 (formulaire 2069-FA-SD) de réduction d'impôt,295
"Factures d'énergie (Gaz, Électricité, Fioul) avec détail des taxes acquittées (TICPE, TICGN, CSPE) ou attestation d'exonération si applicable au procédé industriel.",66
Factures d'énergie (Gaz/Électricité) mentionnant l'application des taux TICGN/TICPE ou formulaires CERFA de demande de remboursement/exonération (ex: usage métallurgique).,289
"Factures d'énergie (gaz, fioul ou électricité) mentionnant les taux de TICPE/TICGN appliqués ou dossier de demande de remboursement partiel (CERFA).",227
Factures d'énergie (électricité/gaz) avec détail des taxes ou formulaires Cerfa d'exonération/taux réduits (TICPE/TICGN) déposés auprès des douanes.,104
Fiche d'intervention (CERFA 15497) avec attestation de contrôle d'étanchéité périodique réalisée par un opérateur détenteur d'une attestation de capacité.,145
Fiche d'intervention (CERFA n° 15497) signée par un opérateur attesté pour le contrôle d'étanchéité des climatisations ou groupes froids de découpe.,122
Fiche d'intervention Cerfa n°15497 (suivi des fluides) et attestation de capacité du prestataire intervenant.,116
"Fiche de Données de Sécurité (FDS) actualisée des fluides de coupe ou dégraissants contenant des biocides, incluant les nouvelles mentions d'autorisation.",110
Fiche de Données de Sécurité (FDS) de l'insecticide utilisé sur site et contrat de prestation de lutte contre les nuisibles mentionnant les produits utilisés.,127
"Fiche de Données de Sécurité (FDS) de l'insecticide utilisé, vérifiant la présence de la transfluthrine et sa conformité aux conditions d'approbation.",151
"Fiche de Données de Sécurité (FDS) des revêtements ou peintures de protection utilisés, vérifiant la conformité de la substance active Tralopyril.",282
Fiche de Données de Sécurité (FDS) du fluide d'usinage ou du biocide de traitement des circuits de refroidissement (PT11) vérifiant la conformité de la substance PHMB.,343
Fiche de Données de Sécurité (FDS) du produit biocide (insecticide ou désinfectant) mentionnant la conformité du principe actif.,102
"Fiche de Données de Sécurité (FDS) fournisseur mise à jour (sections 3 et 15) ou attestation d'absence de SVHC > 0,1% p/p.",147
"Fiche de Données de Sécurité (FDS) fournisseur à jour (Sections 2, 3 et 12) avec mentions H400 ou H410",356
Fiche de Données de Sécurité (FDS) mentionnant la substance et inventaire des produits biocides de type 19 (répulsifs) utilisés dans l'usine.,178
"Fiche de Données de Sécurité (FDS) à jour des désinfectants (PT4) ou insecticides (PT18) utilisés sur site, mentionnant la substance active.",58
Fiche de Données de Sécurité (FDS) à jour des fluides de coupe (Section 3 et 15) mentionnant la conformité du conservateur.,318
Fiche de Données de Sécurité (FDS) à jour des fluides de coupe (solubles) mentionnant la conformité des conservateurs à l'Article 95 du règlement biocides.,6
Fiche de Données de Sécurité (FDS) à jour des produits de traitement du bois (TP8) ou insecticides (TP18) utilisés sur site.,350
"Fiche de Données de Sécurité (FDS) à jour des produits de traitement du bois ou des bois de calage/emballage utilisés, mentionnant la concentration en cyproconazole.",146
Fiche de Données de Sécurité (FDS) à jour des produits insecticides (TP18) utilisés pour l'entretien des locaux.,225
Fiche de Données de Sécurité (FDS) à jour du fluide d'usinage/lubrifiant de coupe mentionnant la 2-méthylisothiazol-3(2H)-one (MIT).,274
Fiche de Données de Sécurité (FDS) à jour du fluide de coupe (PT13) et inventaire des produits biocides utilisés pour la conservation des bains.,153
Fiche de Données de Sécurité (FDS) à jour du fluide de coupe (lubrifiant) mentionnant l'IPBC et certificat de conformité biocide du fournisseur.,130
Fiche de Données de Sécurité (FDS) à jour du produit avicide utilisé et registre d'utilisation des biocides.,207
Fiche de Données de Sécurité (FDS) à jour et dossier d'approbation fournisseur pour les fluides de coupe ou biocides TP11/TP12.,344
Fiche de Données de Sécurité (FDS) à jour et inventaire des produits biocides (type 8) utilisés pour le traitement des palettes ou bois d'emballage.,370
Fiche de Données de Sécurité (FDS) à jour et inventaire des produits biocides (type répulsifs) utilisés dans les locaux.,105
Fiche de Données de Sécurité (FDS) à jour mentionnant l'approbation de la substance et l'inventaire des produits biocides utilisés sur site.,190
Fiche de Données de Sécurité (FDS) à jour mentionnant le numéro CAS du Zinèbe pour les produits de protection/peinture utilisés.,173
Fiche de veille réglementaire mise à jour avec l'organigramme de l'autorité de tutelle.,99
"Fiches de Données de Sécurité (FDS) actualisées des huiles de coupe et lubrifiants, et mise à jour de l'inventaire des produits chimiques.",152
Fiches de Données de Sécurité (FDS) actualisées des huiles de coupe et solvants de dégraissage avec vérification de l'absence de substances soumises à autorisation (ou obtention de l'autorisation d'usage).,361
Fiches de Données de Sécurité (FDS) actualisées et attestations de conformité REACH des fournisseurs (matières premières et huiles de coupe).,310
Fiches de Données de Sécurité (FDS) actualisées et attestations de conformité REACH fournies par les fournisseurs de métaux et de fluides de coupe.,16
Fiches de Données de Sécurité (FDS) actualisées et conformes aux nouvelles dispositions REACH/CLP pour les huiles de coupe et solvants.,365
Fiches de Données de Sécurité (FDS) conformes aux sections 2 et 3 et étiquetage physique des bidons d'huiles de coupe ou solvants.,140
Fiches de Données de Sécurité (FDS) conformes et certificats de conformité REACH (Annexe XVII) fournis par les fournisseurs d'huiles de coupe ou de matières premières.,180
Fiches de Données de Sécurité (FDS) conformes à l'annexe II de REACH et certificats d'absence de substances SVHC fournis par les fournisseurs de métaux.,273
Fiches de Données de Sécurité (FDS) des consommables et certificats de conformité fournisseurs (absence de substances interdites/BPA),249
Fiches de Données de Sécurité (FDS) des désinfectants/biocides utilisés en interne mentionnant la conformité au Règlement (UE) n° 528/2012.,143
"Fiches de Données de Sécurité (FDS) des fluides de coupe et biocides à jour, mentionnant la conformité des substances actives selon le règlement BPR.",286
Fiches de Données de Sécurité (FDS) des fluides de coupe et inventaire à jour des produits chimiques avec statut d'autorisation biocide.,132
"Fiches de Données de Sécurité (FDS) des fournisseurs de métaux et huiles de coupe mises à jour, ou Attestation de conformité REACH (incluant le plomb si > 0,1%).",129
Fiches de Données de Sécurité (FDS) des huiles de coupe et certificats de conformité 'REACH/POP' des fournisseurs de métaux et lubrifiants.,354
Fiches de Données de Sécurité (FDS) des huiles de coupe et certificats de conformité fournisseurs garantissant l'absence de SCCP (paraffines chlorées à chaîne courte).,313
Fiches de Données de Sécurité (FDS) des huiles de coupe et solvants actualisées et conformes aux mentions de danger CLP,96
Fiches de Données de Sécurité (FDS) des huiles de coupe et solvants de dégraissage mises à jour selon les nouvelles classifications de danger.,164
"Fiches de Données de Sécurité (FDS) des produits d'entretien des locaux ou blocs sanitaires validant l'absence de 1,4-dichlorobenzène.",359
Fiches de Données de Sécurité (FDS) post-2015 des huiles de coupe et solvants intégrant les nouveaux pictogrammes CLP et mise à jour de l'affichage de sécurité dans l'atelier.,126
Fiches de Données de Sécurité (FDS) à jour (Section 15) et Certificats de conformité REACH fournis par les fournisseurs de métaux et de fluides de coupe.,181
Fiches de Données de Sécurité (FDS) à jour (sections 2 et 3) et étiquetage des bacs de fluides de coupe/huiles de process conforme aux nouvelles mentions de danger.,125
Fiches de Données de Sécurité (FDS) à jour (sections 2.1 et 2.2) pour les huiles de coupe et solvants de dégraissage utilisés.,30
Fiches de Données de Sécurité (FDS) à jour (sections 2.1 et 2.2) pour les huiles de coupe et solvants de dégraissage.,30
Fiches de Données de Sécurité (FDS) à jour (sections 3 et 15) et attestations de conformité REACH fournies par les fournisseurs de lubrifiants et solvants.,16
Fiches de Données de Sécurité (FDS) à jour des fluides d'usinage et registre d'inventaire des produits chimiques (vérification de l'absence de substances bannies comme l'azote d'argent ou le nitrate d'argent selon la décision spécifique).,182
Fiches de Données de Sécurité (FDS) à jour des fluides de coupe (solubles) vérifiant la conformité des agents conservateurs/biocides utilisés.,170
Fiches de Données de Sécurité (FDS) à jour des fluides de coupe et attestation de conformité du fournisseur à l'Article 95 du règlement biocides.,6
Fiches de Données de Sécurité (FDS) à jour des fluides de coupe et biocides de traitement de cuves (Section 15 : Informations réglementaires).,3
"Fiches de Données de Sécurité (FDS) à jour des fluides de coupe et huiles de laminage (Vérification des rubriques 3, 15 et conformité à l'annexe XVII).",142
Fiches de Données de Sécurité (FDS) à jour des fluides de coupe ou biocides de traitement (Section 15),3
Fiches de Données de Sécurité (FDS) à jour des fluides de coupe ou de refroidissement (TP11/13) et certificats de conformité biocide des fournisseurs.,315
Fiches de Données de Sécurité (FDS) à jour des huiles de coupe et certificats de conformité REACH (matières premières) garantissant l'absence de substances restreintes comme le cadmium ou les composés du nickel.,278
"Fiches de Données de Sécurité (FDS) à jour des huiles de coupe et solvants (sections 2, 11 et 15)",175
Fiches de Données de Sécurité (FDS) à jour des huiles de coupe et solvants de dégraissage (vérification de la section 3 et 15 sur les restrictions de substances),244
"Fiches de Données de Sécurité (FDS) à jour des huiles de coupe et solvants de dégraissage, garantissant l'absence de substances de l'Annexe A (ex: Dechlorane Plus ou UV-328).",323
"Fiches de Données de Sécurité (FDS) à jour des huiles de coupe et solvants de dégraissage, intégrant les nouveaux pictogrammes et mentions de danger.",360
"Fiches de Données de Sécurité (FDS) à jour des huiles de coupe et solvants, cohérentes avec l'étiquetage des contenants en atelier.",148
"Fiches de Données de Sécurité (FDS) à jour des produits de dégraissage et de nettoyage industriel (vérification de la section 3 pour l'absence d'éthoxylates de nonylphénol > 0,01 %).",321
Fiches de Données de Sécurité (FDS) à jour et certificats de conformité REACH des fournisseurs d'huiles de coupe ou de produits de dégraissage.,226
Fiches de Données de Sécurité (FDS) à jour et inventaire des produits biocides utilisés (ex: conservateurs/bactéricides pour fluides de coupe).,334
Fiches de Données de Sécurité (FDS) à jour et registre de suivi des déchets (BSD) avec codes CED conformes,57
"Fiches de Données de Sécurité (FDS) à jour mentionnant les numéros d'enregistrement REACH pour les substances utilisées (huiles de coupe, solvants).",219
"Fiches de Données de Sécurité (FDS) à jour pour les fluides de coupe et huiles d'usinage, avec étiquetage conforme aux nouveaux pictogrammes CLP.",28
Fiches de caractérisation des déchets (FCD) ou Bordereaux de Suivi de Déchets Dangereux (BSDD) intégrant les codes de danger HP (Hazardous Properties) mis à jour.,240
Formulaire de déclaration annuelle TGAP (ex-Cerfa n°12052) et justificatif de télépaiement auprès des douanes.,119
Formulaire de déclaration annuelle de la TGAP (Cerfa n°12020) ou factures de traitement de déchets mentionnant explicitement la quote-part TGAP,98
Formulaires Cerfa d'exonération ou de taux réduits de TICGN (gaz) et TICPE (électricité) pour procédés métallurgiques.,333
Inventaire annuel des substances radioactives et registre de suivi des déchets (bordereaux de suivi de déchets radioactifs - BSDR),171
"Inventaire des produits biocides (ex: fluides de coupe, produits de traitement des eaux) et Fiches de Données de Sécurité (FDS) à jour.",137
Inventaire des produits chimiques de maintenance des espaces verts et vérification des Autorisations de Mise sur le Marché (AMM) via les Fiches de Données de Sécurité (FDS).,202
Inventaire des produits chimiques incluant les Fiches de Données de Sécurité (FDS) à jour pour les fluides de coupe contenant des agents conservateurs (biocides).,138
Inventaire des produits chimiques à jour croisé avec la liste d'autorisation REACH et Fiches de Données de Sécurité (FDS) de section 15 conforme.,108
Inventaire des substances chimiques (ou Fiches de Données de Sécurité) avec preuve de vérification du statut CoRAP pour les huiles de coupe et solvants.,216
Inventaire exhaustif des produits chimiques (biocides) et Fiches de Données de Sécurité (FDS) à jour avec vérification des substances actives.,316
"Inventaire exhaustif des produits chimiques (huiles de coupe, solvants, lubrifiants) accompagné des Fiches de Données de Sécurité (FDS) à jour et conformes au règlement REACH.",121
Inventaire technique du parc machine mentionnant la conformité CE et l'absence des modèles de sableuses spécifiquement visés par l'interdiction.,103
"Inventaire à jour des substances chimiques utilisées (huiles de coupe, solvants) avec vérification de leur présence dans la liste CoRAP.",65
Justificatif de déclaration et de paiement de la TGAP (Taxe Générale sur les Activités Polluantes) ou attestation de versement des taxes sur les déchets industriels.,5
Justificatif de déclaration et de paiement de la TGAP (Taxe Générale sur les Activités Polluantes) ou certificats d'exonération de taxes énergétiques (ex: TICFE).,5
Justificatif de déclaration et de paiement de la TGAP (Taxe Générale sur les Activités Polluantes) pour les déchets industriels,5
Justificatif de déclaration et de paiement de la TGAP (Taxe Générale sur les Activités Polluantes) pour les déchets métalliques ou huiles usagées.,5
Justificatif de déduction fiscale pour investissement productif (sur-amortissement) sur l'achat d'une presse ou machine de découpe laser.,177
Justificatif de paiement de la TGAP (Taxe Générale sur les Activités Polluantes) ou attestation d'exonération de la TICFE pour les procédés métallurgiques intensifs.,22
Justificatif de paiement de la TGAP (Taxe Générale sur les Activités Polluantes) ou attestation de suramortissement pour l'achat de machines de découpage neuves (dispositif 'Industrie du Futur').,169
Justificatif de télédéclaration et de paiement de la TGAP (Taxe Générale sur les Activités Polluantes) ou attestation d'exonération de la TICFE.,22
Justificatif de télédéclaration et de paiement de la TGAP (Taxe Générale sur les Activités Polluantes) ou certificats d'économies d'énergie (CEE),22
Lettre de voiture ADR (document de transport) et rapport annuel du Conseiller à la Sécurité (CSMD) le cas échéant.,73
Mise à jour de l'annuaire des autorités compétentes (DGE/DREETS) dans le dossier de veille réglementaire.,159
Mise à jour du Document Unique (DUERP) intégrant les nouvelles modalités de suivi de l'état de santé des salariés et l'évaluation actualisée des risques chimiques (FDS conformes au règlement CLP).,161
Mise à jour du Règlement Intérieur (clauses sur l'interdiction de vapoter) et attestations de suivi de santé au travail (DMST),107
Mise à jour du registre de veille réglementaire et actualisation de l'organigramme des autorités compétentes (DREAL/Préfecture) dans le dossier ICPE.,176
Note d'analyse de compatibilité du site (ou des projets d'extension) avec le Schéma Régional des Carrières (SRC) consultable en mairie ou préfecture.,157
Note de compatibilité SDAGE intégrée au dossier d'autorisation environnementale (ICPE) ou à l'étude d'incidence.,94
Notification de cessation d'activité et mémoire de mise en sécurité (transmis à la Préfecture),64
Photos des emballages produits ou des fiches techniques avec marquage Triman et Info-tri,51
"Photos des étiquettes de conformité apposées sur les groupes froids (chillers) des machines de découpe ou les climatisations d'armoires électriques, et mention de la vérification de l'étiquetage dans le registre de suivi des fluides frigorigènes.",52
Plan d'Opération Interne (POI) ou Plan d'Urgence à jour intégrant les coordonnées et protocoles de liaison avec la DREAL/Préfecture,72
Plan de Continuité d'Activité (PCA) incluant le recensement des stocks de métaux stratégiques et les procédures de priorité de commande de l'État.,112
Plan de Gestion des Solvants (PGS) ou Rapport annuel de mesure des rejets atmosphériques,90
Plan de circulation du site identifiant les 'voies engins' maintenues libres de tout encombrement et PV de la commission de sécurité.,258
Plan de gestion des déchets du site incluant des indicateurs de réduction des chutes de métaux à la source.,84
Plan de gestion des solvants (PGS) et Bordereaux de Suivi de Déchets Dangereux (BSDD) pour les solvants usés,32
Procès-verbal de contrôle (DREAL ou OFB) mentionnant les références de commissionnement et d'assermentation de l'inspecteur.,322
Procès-verbal de requalification périodique (épreuve hydraulique) des récipients à gaz ou des réservoirs sous pression.,144
Procédure de gestion des situations d'urgence (Plan d'Urgence Environnemental) intégrant les seuils d'alerte de Vigicrues et les modalités de surveillance définis par le schéma.,186
Procédure interne de gestion de crise 'Inondation' incluant la preuve d'inscription aux alertes Vigicrues et le plan de mise en sécurité des machines-outils.,179
"Procédure interne de gestion des alertes pollution et justificatif de diffusion des consignes sanitaires au personnel (affichage, mail ou registre sécurité).",165
Protocole de détection de radioactivité à l'entrée du site ou certificat de non-contamination des ferrailles/matières premières,162
Protocole de sécurité (chargement/déchargement) à jour et co-signé avec les transporteurs de matières premières et de ferrailles,53
Rapport annuel du Conseiller à la Sécurité (CSTMD) ou Document de transport ADR (bordereau d'expédition),21
Rapport annuel du Conseiller à la Sécurité (CSTMD) ou Document de transport de marchandises dangereuses (mentionnant les numéros ONU).,21
Rapport annuel du Conseiller à la Sécurité (CSTMD) ou Protocole de sécurité de chargement/déchargement pour les gaz de découpe,10
Rapport annuel du Conseiller à la Sécurité (CSTMD) ou Protocoles de sécurité (chargement/déchargement),10
"Rapport d'Analyse du Cycle de Vie (ACV) des pièces métalliques produites, établi selon la méthode PEF (Product Environmental Footprint).",55
Rapport d'analyse RSDE (Recherche de Substances Dangereuses dans l'Eau) semestriel ou annuel incluant les nouveaux paramètres et limites de quantification.,156
"Rapport d'analyse RSDE (Recherche des Substances Dangereuses dans l'Eau) portant sur les métaux lourds (Cadmium, Nickel, Plomb) et les HAP.",128
Rapport d'analyse coût-avantages (ACA) relatif à la récupération de chaleur fatale (obligatoire pour les installations > 20 MW),80
"Rapport d'analyse de laboratoire agréé des rejets d'eaux (recherche de métaux lourds, HAP et substances prioritaires).",75
"Rapport d'analyse des rejets aqueux (Campagne RSDE) incluant la recherche des substances de la liste de vigilance (ex: PFAS, antibiotiques).",248
Rapport d'analyses des rejets aqueux (Campagne RSDE) effectué par un laboratoire agréé COFRAC,74
"Rapport d'audit énergétique complet de moins de 4 ans couvrant au moins 80 % de la facture énergétique, ou certificat de certification ISO 50001 sur l'ensemble du périmètre.",123
Rapport d'audit énergétique réglementaire (NF EN 16247) ou certification ISO 50001,100
Rapport d'audit énergétique réglementaire (obligatoire pour les grandes entreprises) ou Certificat d'Économie d'Énergie (CEE),196
"Rapport d'audit énergétique réglementaire ou Attestation de tri 7 flux (déchets de métaux, papier, verre, plastique, bois, métal, plâtre)",62
Rapport d'inspection de l'environnement (DREAL/DDT) relatif aux contrôles de la police de l'eau ou de la nature.,241
Rapport d'inspection périodique ou carnet de maintenance des réservoirs de stockage aériens mentionnant explicitement le référentiel DT 94.,155
Rapport d'étude d'impact acoustique (mesures et modélisation aux points de calcul réglementaires) réalisé par un bureau d'études spécialisé.,283
Rapport d'étude de dangers (EDD) des ouvrages hydrauliques ou compte-rendu de visite technique approfondie (VTA) par un organisme agréé,87
Rapport d'étude de dimensionnement parasismique des réservoirs et de leurs supports (Note de calcul),97
Rapport d'étude de faisabilité technico-économique des approvisionnements en énergie (réalisé par un bureau d'études avant le dépôt du permis de construire),14
Rapport d'étude de faisabilité technico-économique des solutions d'approvisionnement en énergie (document obligatoire avant le dépôt du permis de construire).,14
Rapport d'étude de vulnérabilité sismique ou Plan de mise en sécurité sismique des installations,109
Rapport d'évaluation de conformité ICPE (Installation Classée pour la Protection de l'Environnement) mis à jour,63
Rapport de campagne d'analyse RSDE (Recherche de Substances Dangereuses dans l'Eau) ou bilan annuel des rejets aqueux par un laboratoire agréé.,174
Rapport de contrôle de conformité initial ou périodique (audit de conformité ICPE 2560),158
Rapport de contrôle de l'ASN (Autorité de Sûreté Nucléaire) ou Évaluation du risque radiologique intégrée au Document Unique (DUER),60
Rapport de contrôle périodique de conformité par un organisme agréé (vérification des prescriptions de l'arrêté type 2561),69
Rapport de contrôle périodique de radioprotection (si présence de sources pour le contrôle non destructif ou de détecteurs de niveau),31
Rapport de contrôle périodique ou de requalification des équipements sous pression (ex: réservoir du compresseur d'air ou cuves de gaz de découpe O2/N2).,113
"Rapport de contrôle périodique par un organisme agréé (vérifiant la conformité aux prescriptions modifiées, notamment sur les aspects foudre et rétentions).",25
Rapport de contrôle technique de radioprotection (réalisé par un organisme vérificateur accrédité ou le Conseiller en Radioprotection) concernant les dispositifs de contrôle non destructif ou les portiques de détection.,47
Rapport de contrôle technique de radioprotection des équipements (générateurs de rayons X ou sources scellées utilisés pour le contrôle qualité/CND),114
Rapport de contrôle technique périodique (débit et pression) des Points d'Eau Incendie (PEI) et attestation de conformité au Règlement Départemental (RDDECI).,172
Rapport de diagnostic de pollution des sols (état initial ou quadriennal) et plan de gestion des bacs de rétention pour les huiles de coupe.,120
Rapport de mesurage de l'émergence sonore (réalisé par un organisme compétent avec conformité aux normes NF S 31-010 ou NF S 31-115).,48
Rapport de mesures d'émergence sonore en limite de propriété (période d'activité des presses) et registre de suivi des déchets (BSD) pour les huiles de coupe.,89
"Rapport de requalification périodique (tous les 10 ans) ou d'inspection périodique (tous les 4 ans) délivré par un organisme habilité (ex: APAVE, Bureau Veritas) pour les réservoirs d'air comprimé.",4
Rapport de requalification périodique (établi par un organisme habilité type APAVE/ASAP) mentionnant explicitement le recours aux contrôles non destructifs (ex: émission acoustique) en remplacement de l'épreuve hydraulique.,154
Rapport de suivi d'autosurveillance des rejets aqueux et conformité aux prescriptions de l'arrêté préfectoral du site,160
Rapport de visite d'inspection de la DREAL (ou compte-rendu d'audit de conformité réglementaire interne),166
Rapport et conclusions motivées du commissaire enquêteur (intégrant l'avis personnel distinct du résumé des observations),82
Rapport et conclusions motivées du commissaire enquêteur (ou Arrêté préfectoral d'ouverture d'enquête publique mentionnant l'objet et le périmètre),86
Rapport et conclusions motivées du commissaire enquêteur (ou attestation d'affichage en mairie du dossier de consultation du public),85
Rapport et conclusions motivées du commissaire enquêteur (vérification de la conformité du périmètre géographique de l'enquête).,141
Rapports d'analyses RSDE (Recherche de Substances Dangereuses dans l'Eau) et résultats d'autosurveillance des rejets aqueux.,15
Rapports d'analyses d'autosurveillance des rejets d'eaux industrielles (recherche de métaux lourds et hydrocarbures),163
Rapports d'analyses de laboratoire des rejets aqueux (campagne RSDE ou recherche de micropolluants spécifiques),124
Rapports d'analyses périodiques des eaux souterraines (via piézomètres) mesurant les concentrations en métaux lourds et solvants chlorés (TCE/PCE).,188
Rapports d'analyses périodiques des rejets d'eaux usées (recherche de métaux lourds et substances prioritaires identifiées dans l'inventaire des flux).,79
Rapports d'autosurveillance des rejets (eaux/air) et déclaration annuelle des émissions (GEREP),81
Rapports de campagnes d'analyses physico-chimiques des rejets d'eaux de surface (auto-surveillance),88
"Registre chronologique de gestion des déchets (incluant les chutes de métaux, les huiles de coupe et les emballages souillés) à jour des tonnages et des codes CED, ainsi que les BSDD (Bordereaux de Suivi de Déchets Dangereux) via Trackdéchets.",135
"Registre chronologique de production, d'expédition et de traitement des déchets (incluant les métaux et huiles de coupe) et attestation annuelle de tri '7 flux'.",93
"Registre chronologique de suivi des déchets (RSD) incluant les déchets dangereux (huiles de coupe, solvants) et non dangereux (chutes de métaux).",78
Registre chronologique de suivi des déchets (RSD) à jour intégrant les justificatifs de tri à la source (attestation tri 5/7 flux),46
Registre chronologique de suivi des déchets (dangereux et non dangereux) incluant les codes déchets et les justificatifs de traitement (BSD/BSDA).,43
Registre chronologique de suivi des déchets (incluant les Bordereaux de Suivi de Déchets - BSD) et attestations de tri 5 flux.,7
Registre chronologique de suivi des déchets (incluant les métaux et les huiles de coupe) et justificatifs de tri '5 flux',23
Registre chronologique de suivi des déchets (sortants) et attestations de tri à la source (Tri 5 Flux),92
"Registre chronologique des déchets sortants avec affectation des codes CED (ex: 12 01 01 pour la limaille de fer, 12 01 09* pour les émulsions d'usinage).",56
Registre d'enquête publique ou Bilan de la participation du public (dans le cadre d'un dossier d'autorisation ou d'enregistrement ICPE),183
Registre de notification ou PV d'information des salariés en cas de projet de cession d'entreprise (Droit d'information préalable),70
"Registre de suivi chronologique des déchets (incluant les métaux, huiles de coupe et emballages souillés) à jour",76
Registre de suivi des déchets (BSD) et Plan d'intervention en cas de pollution accidentelle (fuite d'huiles de coupe).,136
Registre de suivi des déchets (BSD) et rapports d'autosurveillance des rejets liquides (pour prévenir les délits de pollution),49
"Registre de suivi des déchets (dangereux et non-dangereux) à jour, incluant les métaux et les huiles d'usinage.",34
Registre de suivi des déchets (spécifiquement pour la valorisation des emballages bois/palettes) ou Plan d'entretien des espaces verts sans produits phytosanitaires.,68
Registre de suivi des emballages bois (certificats NIMP15) ou rapport annuel de consommation de substances SACO via le portail européen ODS.,37
Registre de veille des Fiches de Données de Sécurité (FDS) et justificatifs de transmission d'informations toxicologiques aux fournisseurs/ECHA.,54
Registre spécial des alertes en matière de santé publique et d'environnement (ou Procédure interne de recueil des signalements des lanceurs d'alerte),45
Registre spécial des alertes en matière de santé publique et d'environnement (ou procédure interne de recueil des signalements affichée).,45
Récépissé de déclaration IOTA (Loi sur l'eau) visé par la Préfecture et dossier de prescriptions générales associé.,50
Récépissé de déclaration ou Arrêté Préfectoral d'Autorisation/Enregistrement (Preuve de conformité administrative face à la concurrence),44
Récépissé de déclaration ou Arrêté Préfectoral d'Autorisation/Enregistrement mentionnant les rubriques ICPE mises à jour.,42
Récépissé de déclaration ou Arrêté préfectoral d'autorisation à jour mentionnant les rubriques de la nomenclature (ex: Rubrique 2560 pour le travail des métaux).,9
"Récépissé de déclaration ou Dossier d'enregistrement/autorisation à jour incluant les rubriques 2560, 2561 ou 2562",59
Récépissé de dépôt de dossier ICPE (télédéclaration) ou DUERP mis à jour intégrant les simplifications administratives.,40
Récépissé de dépôt du rapport d'audit énergétique ou du BEGES sur la plateforme de l'ADEME,71
Récépissé de télédéclaration annuelle GEREP (Gestion du Registre des Émissions Polluantes),41
"Tableau de classement ICPE actualisé (audit de conformité des rubriques 2560, 2561 ou 2575 pour le travail des métaux)",8
Tableau de classement ICPE actualisé (audit de conformité des rubriques 2560/2561) et récépissé de déclaration ou arrêté préfectoral à jour.,8
Tableau de classement ICPE du site actualisé et justificatif de dépôt de dossier (ou récépissé) en préfecture si changement de seuil sur la rubrique 2560.,35
"Tableau de classement ICPE du site mis à jour (vérification des rubriques 2560, 2561 ou 1510 selon les stocks)",184
"Tableau de classement ICPE mis à jour avec les nouveaux seuils et régimes (vérification de la conformité des rubriques 2560, 2561 ou 2562 pour le découpage métaux).",39
"Tableau de classement ICPE à jour (vérification des rubriques 2560, 2561 ou 2562 relatives au travail des métaux)",36
"Tableau de classement ICPE à jour mentionnant les rubriques de travail des métaux (ex: 2560, 2561, 2562) et les volumes associés.",67
Titres d'habilitation électrique du personnel (indices V pour le voisinage) et carnet de prescriptions électriques remis contre décharge.,77
Étude d'impact environnemental (volet biodiversité) ou Note de conformité au PLU concernant les trames vertes et bleues,27
Étude d'impact environnemental ou Notice d'incidence (Dossier ICPE) vérifiant la non-fragmentation des habitats naturels par l'emprise de l'usine.,61
Étude d'incidence environnementale sur la masse d'eau réceptrice ou Diagnostic de conformité aux NQE (Normes de Qualité Environnementale).,26
Étude de dangers (EDD) mise à jour intégrant les nouveaux scénarios d'incendie et les calculs de rétention des eaux d'extinction.,29
Étude de vulnérabilité aux risques naturels (ou Rapport d'étude géotechnique G2 en cas d'extension du bâtiment),33
Étude de vulnérabilité du bâti et justificatif de mise en conformité aux prescriptions de zonage du PPRT local (ex: renforcement des vitrages ou protection contre les effets de surpression).,17
Évaluation des Risques Sanitaires (ERS) actualisée au sein du dossier d'autorisation ICPE,20
Évaluation des Risques Sanitaires (ERS) incluse dans l'étude d'impact du dossier d'autorisation,91
Évaluation des Risques Sanitaires (ERS) incluse dans le dossier d'autorisation d'exploiter ou diagnostic de pollution des sols (levée de doute).,38
